timestamp,x,y,z
1554676004726,-0.11136841028928757,-0.149688720703125,8.577762603759766
1554676004926,-0.17244140803813934,-0.07544311881065369,9.362131118774414
1554676005126,-0.209564208984375,-0.06825805455446243,9.365723609924316
1554676005326,-0.1999841332435608,-0.10418334603309631,9.342970848083496
1554676005526,-0.18082398176193237,-0.09699828922748566,9.388476371765137
1554676005728,-0.19878661632537842,-0.07185058295726776,9.371711730957031
1554676005926,-0.17363891005516052,-0.10418334603309631,9.348958969116211
1554676006128,-0.1844165027141571,-0.07424560189247131,9.402846336364746
1554676006325,-0.20836669206619263,-0.0850231945514679,9.368119239807129
1554676006528,-0.17244140803813934,-0.09101074188947678,9.404044151306152
1554676006728,-0.1939965784549713,-0.06706054508686066,9.366921424865723
1554676006926,-0.1951940953731537,-0.09220825135707855,9.3501558303833
1554676007125,-0.1951940953731537,-0.08861572295427322,9.342970848083496
1554676007325,-0.2047741711139679,-0.10418334603309631,9.348958969116211
1554676007528,-0.20716919004917145,-0.08861572295427322,9.395661354064941
1554676007726,-0.18800903856754303,-0.061072997748851776,9.365723609924316
1554676007967,-0.2047741711139679,-0.09220825135707855,9.370513916015625
1554676008127,-0.20237915217876434,-0.08741821348667145,9.380093574523926
1554676008329,-0.20118163526058197,-0.089813232421875,9.392068862915039
1554676008528,-0.20118163526058197,-0.08622070401906967,9.359736442565918
1554676008728,-0.17603392899036407,-0.08023315668106079,9.341773986816406
1554676008928,-0.19758911430835724,-0.08382568508386612,9.342970848083496
1554676009128,-0.18202148377895355,-0.09101074188947678,9.368119239807129
1554676009329,-0.2047741711139679,-0.12214599549770355,9.36332893371582
1554676009524,-0.209564208984375,-0.08622070401906967,9.327404022216797
1554676009727,-0.209564208984375,-0.09819579869508743,9.37769889831543
1554676009928,-0.18082398176193237,-0.07664062827825546,9.39087200164795
1554676010128,-0.19160155951976776,-0.08622070401906967,9.335785865783691
1554676010329,-0.209564208984375,-0.08023315668106079,9.382489204406738
1554676010528,-0.1892065405845642,-0.08741821348667145,9.359736442565918
1554676010728,-0.18082398176193237,-0.09819579869508743,9.362131118774414
1554676010928,-0.1892065405845642,-0.08741821348667145,9.374106407165527
1554676011128,-0.21555176377296448,-0.09101074188947678,9.370513916015625
1554676011329,-0.17603392899036407,-0.09220825135707855,9.364526748657227
1554676011528,-0.19639159739017487,-0.09101074188947678,9.392068862915039
1554676011728,-0.17962646484375,-0.08262817561626434,9.334589004516602
1554676011928,-0.22273682057857513,-0.08143066614866257,9.339378356933594
1554676012128,-0.18082398176193237,-0.08023315668106079,9.357341766357422
1554676012328,-0.1892065405845642,-0.08262817561626434,9.387279510498047
1554676012528,-0.16884887218475342,-0.07185058295726776,9.344168663024902
1554676012728,-0.19160155951976776,-0.10538086295127869,9.339378356933594
1554676012928,-0.21315674483776093,-0.08861572295427322,9.364526748657227
1554676013128,-0.17962646484375,-0.08262817561626434,9.40045166015625
1554676013329,-0.1939965784549713,-0.07424560189247131,9.340576171875
1554676013528,-0.18681152164936066,-0.0646655261516571,9.38608169555664
1554676013728,-0.22034180164337158,-0.089813232421875,9.36332893371582
1554676013928,-0.17723144590854645,-0.09340576082468033,9.371711730957031
1554676014128,-0.1939965784549713,-0.07304809242486954,9.35494613647461
1554676014329,-0.2191442847251892,-0.10777588188648224,9.392068862915039
1554676014528,-0.18681152164936066,-0.09939330816268921,9.380093574523926
1554676014724,-0.18202148377895355,-0.08143066614866257,9.356143951416016
1554676014928,-0.22034180164337158,-0.08382568508386612,9.342970848083496
1554676015128,-0.20118163526058197,-0.09580077975988388,9.3501558303833
1554676015329,-0.1999841332435608,-0.09580077975988388,9.380093574523926
1554676015528,-0.17842894792556763,-0.07304809242486954,9.378896713256836
1554676015728,-0.2143542468547821,-0.08262817561626434,9.360934257507324
1554676015934,-0.22153930366039276,-0.0946032702922821,9.370513916015625
1554676016129,-0.19639159739017487,-0.08143066614866257,9.362131118774414
1554676016329,-0.20597167313098907,-0.08622070401906967,9.365723609924316
1554676016528,-0.19878661632537842,-0.09699828922748566,9.369316101074219
1554676016728,-0.21555176377296448,-0.05388794094324112,9.398056983947754
1554676016928,-0.21674926578998566,-0.08023315668106079,9.368119239807129
1554676017128,-0.20716919004917145,-0.08741821348667145,9.38608169555664
1554676017328,-0.21555176377296448,-0.11256591975688934,9.334589004516602
1554676017528,-0.18681152164936066,-0.05748046934604645,9.372908592224121
1554676017728,-0.1999841332435608,-0.08143066614866257,9.38608169555664
1554676017928,-0.1892065405845642,-0.08861572295427322,9.357341766357422
1554676018128,-0.1999841332435608,-0.08023315668106079,9.39087200164795
1554676018329,-0.19040405750274658,-0.06825805455446243,9.40045166015625
1554676018528,-0.20836669206619263,-0.08861572295427322,9.401649475097656
1554676018728,-0.1939965784549713,-0.09220825135707855,9.376501083374023
1554676018928,-0.17363891005516052,-0.08622070401906967,9.3501558303833
1554676019128,-0.2143542468547821,-0.0646655261516571,9.366921424865723
1554676019329,-0.19758911430835724,-0.0850231945514679,9.348958969116211
1554676019528,-0.20716919004917145,-0.089813232421875,9.329798698425293
1554676019728,-0.1999841332435608,-0.07903564721345901,9.380093574523926
1554676019928,-0.20716919004917145,-0.09220825135707855,9.359736442565918
1554676020126,-0.18202148377895355,-0.07783813774585724,9.375304222106934
1554676020328,-0.21674926578998566,-0.08262817561626434,9.333391189575195
1554676020528,-0.18202148377895355,-0.08622070401906967,9.41482162475586
1554676020728,-0.209564208984375,-0.06586303561925888,9.3501558303833
1554676020928,-0.18202148377895355,-0.0646655261516571,9.362131118774414
1554676021129,-0.209564208984375,-0.06586303561925888,9.395661354064941
1554676021324,-0.21315674483776093,-0.08262817561626434,9.35494613647461
1554676021528,-0.19160155951976776,-0.08023315668106079,9.348958969116211
1554676021728,-0.209564208984375,-0.05628295987844467,9.341773986816406
1554676021928,-0.18321900069713593,-0.08262817561626434,9.378896713256836
1554676022128,-0.18202148377895355,-0.0850231945514679,9.380093574523926
1554676022329,-0.18202148377895355,-0.0946032702922821,9.351353645324707
1554676022528,-0.2191442847251892,-0.09939330816268921,9.387279510498047
1554676022728,-0.1892065405845642,-0.07304809242486954,9.371711730957031
1554676022928,-0.2191442847251892,-0.10059081763029099,9.38608169555664
1554676023128,-0.19639159739017487,-0.08382568508386612,9.375304222106934
1554676023329,-0.19639159739017487,-0.07065307348966599,9.37769889831543
1554676023528,-0.1939965784549713,-0.07424560189247131,9.346563339233398
1554676023728,-0.17603392899036407,-0.10298583656549454,9.332193374633789
1554676023928,-0.1999841332435608,-0.08143066614866257,9.335785865783691
1554676024128,-0.1951940953731537,-0.07664062827825546,9.389674186706543
1554676024329,-0.19040405750274658,-0.08143066614866257,9.353748321533203
1554676024528,-0.18321900069713593,-0.10538086295127869,9.41482162475586
1554676024728,-0.1748364269733429,-0.07544311881065369,9.402846336364746
1554676024928,-0.20237915217876434,-0.10178832709789276,9.402846336364746
1554676025128,-0.18800903856754303,-0.07185058295726776,9.360934257507324
1554676025329,-0.20836669206619263,-0.11256591975688934,9.372908592224121
1554676025528,-0.2347119152545929,-0.09220825135707855,9.352551460266113
1554676025728,-0.1892065405845642,-0.07783813774585724,9.340576171875
1554676025928,-0.1951940953731537,-0.0850231945514679,9.353748321533203
1554676026128,0.06706054508686066,0.08382568508386612,4.948110580444336
1554676026329,-0.15088623762130737,-0.2550695836544037,12.601395606994629
1554676026528,-0.38559815287590027,-0.5999523997306824,12.099638938903809
1554676026728,-0.2742297351360321,0.19758911430835724,8.840017318725586
1554676026928,-0.33171021938323975,-0.13891112804412842,8.866362571716309
1554676027128,-0.13771362602710724,-0.13052856922149658,9.481882095336914
1554676027329,-0.17244140803813934,-0.12214599549770355,9.301058769226074
1554676027528,-0.2502795457839966,-0.04430786147713661,8.929830551147461
1554676027728,-0.19040405750274658,-0.025147704407572746,9.53457260131836
1554676027928,-0.24788452684879303,-0.11256591975688934,9.416019439697266
1554676028128,-0.2838098108768463,-0.03832031413912773,9.214838027954102
1554676028329,-0.2191442847251892,-0.09340576082468033,9.430389404296875
1554676028528,-0.20237915217876434,-0.09819579869508743,9.382489204406738
1554676028728,-0.23351439833641052,-0.07903564721345901,9.193282127380371
1554676028928,-0.19160155951976776,-0.05628295987844467,9.399253845214844
1554676029128,-0.209564208984375,-0.06706054508686066,9.384883880615234
1554676029329,-0.2347119152545929,-0.09340576082468033,9.286687850952148
1554676029528,-0.1892065405845642,-0.09340576082468033,9.37769889831543
1554676029728,-1.4920971393585205,2.236948251724243,11.825408935546875
1554676029928,-0.10657837241888046,-0.11256591975688934,-0.748443603515625
1554676030128,-0.5999523997306824,-1.690883755683899,8.031698226928711
1554676030329,1.0226733684539795,-0.25746458768844604,9.79682731628418
1554676030528,0.13292358815670013,0.1341210901737213,6.749165058135986
1554676030728,-1.2310400009155273,-1.0454260110855103,8.868757247924805
1554676030928,-0.37242552638053894,0.7544311285018921,6.870113372802734
1554676031128,0.07304809242486954,-0.29698240756988525,9.64953327178955
1554676031329,-0.37601807713508606,-0.38559815287590027,9.39087200164795
1554676031528,-0.2933898866176605,0.034727782011032104,9.109457015991211
1554676031728,-0.0646655261516571,-0.3005749583244324,0.12813355028629303
1554676031928,0.6035449504852295,-0.5077441334724426,-0.1999841332435608
1554676032128,-2.157912492752075,-1.3304333686828613,19.619401931762695
1554676032327,-0.9915381073951721,0.48139894008636475,10.590776443481445
1554676032528,-0.508941650390625,0.38080811500549316,4.449946403503418
1554676032728,-0.9975256323814392,-0.5987548828125,14.328204154968262
1554676032940,-0.06346801668405533,0.269439697265625,8.596922874450684
1554676033128,-0.26584717631340027,0.5700146555900574,10.693761825561523
1554676033329,-0.37122803926467896,0.8717871308326721,12.293635368347168
1554676033528,0.021555176004767418,0.5257067680358887,7.495213508605957
1554676033728,-2.2597010135650635,0.7556286454200745,18.17340850830078
1554676033928,-0.9388476610183716,-1.4441968202590942,19.619401931762695
1554676034128,0.37242552638053894,-0.5053490996360779,5.095404148101807
1554676034329,-0.6394702196121216,1.0514135360717773,5.36604118347168
1554676034528,-0.22034180164337158,-0.5484594702720642,9.926158905029297
1554676034728,0.38679563999176025,-1.8369799852371216,9.162147521972656
1554676034928,-0.16765137016773224,0.27183473110198975,8.564589500427246
1554676035128,-0.3197351098060608,0.3592529296875,9.92496109008789
1554676035329,0.07304809242486954,-0.6298901438713074,8.286767959594727
1554676035528,-0.12693603336811066,-0.14370116591453552,9.356143951416016
1554676035728,-0.3939807116985321,-0.1448986828327179,9.254355430603027
1554676035928,-0.2885998487472534,-0.13651610910892487,10.207572937011719
1554676036128,-0.23351439833641052,0.4299060106277466,9.275910377502441
1554676036329,0.10298583656549454,-0.13771362602710724,8.84720230102539
1554676036528,-0.3053649961948395,-0.1245410144329071,9.321415901184082
1554676036729,-0.34608033299446106,-0.25626710057258606,9.789642333984375
1554676036928,-0.21674926578998566,-0.17962646484375,9.92496109008789
1554676037128,-0.06706054508686066,0.007185058668255806,8.902287483215332
1554676037329,-0.580792248249054,0.3939807116985321,0.6430627703666687
1554676037528,-0.6274951100349426,-0.4802014231681824,1.422641634941101
1554676037728,-0.9316626191139221,-0.6047424077987671,3.38057017326355
1554676037928,-1.011895775794983,-0.7376660108566284,8.184979438781738
1554676038128,0.12214599549770355,-0.27183473110198975,10.342891693115234
1554676038325,-0.748443603515625,0.6035449504852295,9.394464492797852
1554676038524,-0.39757323265075684,-0.30656251311302185,9.584868431091309
1554676038725,0.013172607868909836,-0.6179150342941284,10.21595573425293
1554676038924,-0.449066162109375,0.21195922791957855,9.975255966186523
1554676039124,-0.269439697265625,0.089813232421875,9.228010177612305
1554676039324,-0.06346801668405533,-0.4239184558391571,8.613687515258789
1554676039524,-0.39757323265075684,-0.2850073277950287,9.880653381347656
1554676039724,-0.3736230432987213,-0.10178832709789276,9.84233283996582
1554676039924,-0.10178832709789276,-0.09340576082468033,8.964557647705078
1554676040124,-0.040715333074331284,-0.05628295987844467,9.029223442077637
1554676040325,-0.28141480684280396,-0.021555176004767418,9.207653045654297
1554676040525,-0.3879931569099426,-0.2538720667362213,9.545350074768066
1554676040724,-0.2143542468547821,-0.025147704407572746,9.346563339233398
1554676040924,-0.32213011384010315,0.5783972144126892,-0.39757323265075684
1554676041124,-0.07544311881065369,0.24548950791358948,-6.649771690368652
1554676041329,-1.730401635169983,1.6202306747436523,19.619401931762695
1554676041528,0.6634204387664795,-0.9651928544044495,5.731281757354736
1554676041728,-0.5304968357086182,-0.03233276307582855,6.532415866851807
1554676041928,-0.20597167313098907,-0.04790038987994194,8.679551124572754
1554676042128,-0.36643800139427185,-0.15807129442691803,8.122708320617676
1554676042329,-0.13052856922149658,0.0646655261516571,9.8291597366333
1554676042528,-0.2646496593952179,-0.1999841332435608,9.250762939453125
1554676042728,-0.3532653748989105,-0.12214599549770355,9.145381927490234
1554676042928,-0.10777588188648224,-0.15328125655651093,9.620793342590332
1554676043128,-0.27183473110198975,-0.10657837241888046,9.036408424377441
1554676043328,-0.31734007596969604,-0.08622070401906967,9.345366477966309
1554676043528,-0.1592687964439392,-0.11376342922449112,9.577683448791504
1554676043728,-0.2586621046066284,-0.13651610910892487,9.042396545410156
1554676043928,-0.3137475550174713,-0.11256591975688934,9.309440612792969
1554676044128,-0.2933898866176605,-0.08262817561626434,9.548942565917969
1554676044329,-0.20118163526058197,-0.08262817561626434,9.242380142211914
1554676044528,-0.2586621046066284,-0.13292358815670013,9.272317886352539
1554676044728,-0.269439697265625,-0.11376342922449112,9.42320442199707
1554676044928,-0.20118163526058197,-0.09699828922748566,9.4603271484375
1554676045128,-0.19758911430835724,-0.08622070401906967,9.163344383239746
1554676045329,-0.22632934153079987,-0.12813355028629303,9.338181495666504
1554676045528,-0.21794678270816803,-0.08861572295427322,9.545350074768066
1554676045727,-0.16046631336212158,-0.04191284254193306,9.362131118774414
1554676045928,-0.13651610910892487,-0.09580077975988388,9.301058769226074
1554676046129,0.26704466342926025,-0.49576905369758606,9.503437042236328
1554676046329,-0.015567626804113388,0.09580077975988388,9.408834457397461
1554676046528,0.008382568135857582,0.868194580078125,10.267448425292969
1554676046728,-0.19040405750274658,-0.04191284254193306,9.285490989685059
1554676046928,-0.17842894792556763,-0.05149291828274727,9.420809745788574
1554676047128,-0.18800903856754303,-0.06227050721645355,9.425599098205566
1554676047329,-1.307680606842041,-3.5158886909484863,19.619401931762695
1554676047528,-0.04191284254193306,-0.24069947004318237,-0.003592529334127903
1554676047728,0.061072997748851776,-0.9795629978179932,10.709329605102539
1554676047928,-0.32093262672424316,-0.4598437547683716,11.172765731811523
1554676048128,-0.5520520210266113,0.03712280094623566,7.981402397155762
1554676048331,-0.209564208984375,0.05628295987844467,9.248368263244629
1554676048528,0.08741821348667145,-0.19758911430835724,9.225615501403809
1554676048728,-0.42272093892097473,0.14130614697933197,8.195756912231445
1554676048928,-0.09101074188947678,-0.14370116591453552,9.732161521911621
1554676049128,-0.7987390160560608,1.7687219381332397,4.9097900390625
1554676049329,-0.19279907643795013,-0.27303221821784973,-0.35685789585113525
1554676049528,3.53265380859375,0.7987390160560608,19.394868850708008
1554676049728,0.061072997748851776,-0.17603392899036407,3.6799476146698
1554676049928,-0.4430786073207855,-0.05628295987844467,7.197033882141113
1554676050128,-0.4334985315799713,-0.5041515827178955,12.428954124450684
1554676050327,-0.5975573658943176,0.05388794094324112,8.33227252960205
1554676050528,-0.25147706270217896,-0.1999841332435608,9.756112098693848
1554676050728,-0.18202148377895355,-0.16765137016773224,9.424402236938477
1554676050928,-0.33171021938323975,0.020357666537165642,9.193282127380371
1554676051128,-0.0850231945514679,-0.09580077975988388,10.050699234008789
1554676051329,-0.12214599549770355,-0.2347119152545929,9.384883880615234
1554676051528,-0.2251318395137787,0.5113366842269897,10.866203308105469
1554676051728,-0.31614258885383606,-0.22632934153079987,9.17052936553955
1554676051928,-0.6071374416351318,0.07185058295726776,9.766889572143555
1554676052128,0.12214599549770355,0.011975097469985485,9.120234489440918
1554676052329,-0.1951940953731537,-0.12334350496530533,9.237590789794922
1554676052528,-0.26225462555885315,-0.0850231945514679,9.291478157043457
1554676052728,-0.26704466342926025,-0.03592529147863388,9.207653045654297
1554676052928,-0.10538086295127869,-0.013172607868909836,9.164542198181152
1554676053128,-0.30656251311302185,0.027542725205421448,9.356143951416016
1554676053329,-0.25147706270217896,0.02395019493997097,9.214838027954102
1554676053528,-0.11017090082168579,-0.03233276307582855,9.259145736694336
1554676053728,-0.23710693418979645,-0.05149291828274727,9.188492774963379
1554676053928,-0.2634521424770355,-0.16884887218475342,9.629176139831543
1554676054128,-0.1700463891029358,-0.040715333074331284,9.351353645324707
1554676054329,-0.18082398176193237,-0.05388794094324112,9.285490989685059
1554676054528,-0.23590941727161407,-0.09819579869508743,9.41482162475586
1554676054728,-0.20118163526058197,-0.11735595762729645,9.526189804077148
1554676054928,-0.1939965784549713,-0.1293310523033142,9.18370246887207
1554676055128,-0.17962646484375,-0.08622070401906967,9.433981895446777
1554676055329,-0.23111937940120697,-0.13052856922149658,9.442364692687988
1554676055528,-0.1748364269733429,-0.10059081763029099,9.369316101074219
1554676055728,-0.21555176377296448,-0.12573853135108948,9.273515701293945
1554676055928,-0.22632934153079987,-0.08023315668106079,9.412426948547363
1554676056128,2.565065860748291,2.416574716567993,19.619401931762695
1554676056329,-0.2047741711139679,0.06945556402206421,-0.1939965784549713
1554676056528,-0.3532653748989105,-0.9843530058860779,1.6801061630249023
1554676056728,-0.209564208984375,-0.40236327052116394,4.658312797546387
1554676056927,0.06945556402206421,0.31255003809928894,5.859415054321289
1554676057128,-0.4598437547683716,-0.8155041337013245,8.43286418914795
1554676057329,-0.09580077975988388,-0.36284545063972473,9.311836242675781
1554676057528,-0.028740234673023224,0.2143542468547821,9.229207992553711
1554676057728,-0.30656251311302185,0.12094848603010178,8.768166542053223
1554676057928,-0.1892065405845642,-0.028740234673023224,9.371711730957031
1554676058128,-0.019160157069563866,-0.2239343225955963,9.626781463623047
1554676058329,-0.2742297351360321,-0.2706372141838074,8.788524627685547
1554676058528,-0.6993457078933716,-0.004790039267390966,12.167896270751953
1554676058728,-0.31614258885383606,-0.6059399247169495,11.332035064697266
1554676058928,0.07903564721345901,0.03353027254343033,8.897497177124023
1554676059128,-0.13771362602710724,-0.26704466342926025,9.766889572143555
1554676059329,-0.2981799244880676,-0.1197509765625,9.119036674499512
1554676059529,-0.11855346709489822,-0.15807129442691803,9.569300651550293
1554676059728,-0.12334350496530533,-0.08262817561626434,9.024433135986328
1554676059928,-0.2742297351360321,-0.04430786147713661,9.498647689819336
1554676060128,-0.16884887218475342,-0.058677978813648224,9.010063171386719
1554676060329,-0.18561401963233948,-0.07544311881065369,9.477092742919922
1554676060528,-0.24668700993061066,-0.0646655261516571,8.892707824707031
1554676060728,-0.26225462555885315,-0.08622070401906967,9.485474586486816
1554676060928,-0.2838098108768463,0.007185058668255806,9.321415901184082
1554676061128,-0.22034180164337158,-0.06945556402206421,9.438772201538086
1554676061329,-0.3053649961948395,-0.08143066614866257,9.278306007385254
1554676061528,-0.28261229395866394,-0.09580077975988388,9.465117454528809
1554676061728,-0.30656251311302185,-0.05987548828125,9.477092742919922
1554676061929,-0.22034180164337158,-0.07065307348966599,9.311836242675781
1554676062128,-0.3185375928878784,-0.09699828922748566,9.42320442199707
1554676062329,-0.22034180164337158,-0.0946032702922821,9.366921424865723
1554676062528,-0.27183473110198975,-0.11256591975688934,9.430389404296875
1554676062725,-0.24548950791358948,-0.06706054508686066,9.279502868652344
1554676062928,-0.2682421803474426,-0.11615844815969467,9.443561553955078
1554676063128,-0.22034180164337158,-0.10418334603309631,9.329798698425293
1554676063334,-0.2299218773841858,-0.11136841028928757,9.453142166137695
1554676063528,-0.24189697206020355,-0.07664062827825546,9.272317886352539
1554676063730,-0.25147706270217896,-0.14729370176792145,9.430389404296875
1554676063929,-0.2586621046066284,-0.0646655261516571,9.316625595092773
1554676064128,-0.2239343225955963,-0.08741821348667145,9.404044151306152
1554676064329,-0.25267454981803894,-0.0946032702922821,9.339378356933594
1554676064528,-0.19160155951976776,-0.11376342922449112,9.378896713256836
1554676064728,-0.22632934153079987,-0.09939330816268921,9.405241966247559
1554676064928,-0.21195922791957855,-0.05388794094324112,9.301058769226074
1554676065128,-0.22034180164337158,-0.07544311881065369,9.38608169555664
1554676065329,-0.19160155951976776,-0.07783813774585724,9.313033103942871
1554676065528,-0.2490820288658142,-0.06945556402206421,9.398056983947754
1554676065728,-0.22752685844898224,-0.040715333074331284,9.316625595092773
1554676065928,-0.25147706270217896,-0.089813232421875,9.351353645324707
1554676066128,-0.24788452684879303,-0.07544311881065369,9.360934257507324
1554676066329,-0.2047741711139679,-0.06586303561925888,9.382489204406738
1554676066528,-0.24309448897838593,-0.07664062827825546,9.333391189575195
1554676066728,-0.23590941727161407,-0.0850231945514679,9.376501083374023
1554676066928,-0.23231689631938934,-0.089813232421875,9.384883880615234
1554676067128,-0.20716919004917145,-0.06227050721645355,9.332193374633789
1554676067329,-0.22872436046600342,-0.11136841028928757,9.392068862915039
1554676067528,-0.2347119152545929,-0.1149609386920929,9.380093574523926
1554676067728,-0.24548950791358948,-0.06825805455446243,9.347761154174805
1554676067929,-0.24189697206020355,-0.0850231945514679,9.402846336364746
1554676068128,-0.24189697206020355,-0.08143066614866257,9.393266677856445
1554676068329,-0.21315674483776093,-0.07903564721345901,9.37769889831543
1554676068524,-0.25147706270217896,-0.10777588188648224,9.360934257507324
1554676068728,-0.2490820288658142,-0.09340576082468033,9.392068862915039
1554676068928,-0.22752685844898224,-0.08382568508386612,9.396859169006348
1554676069128,-0.24668700993061066,-0.10897339135408401,9.382489204406738
1554676069329,-0.2299218773841858,-0.08741821348667145,9.396859169006348
1554676069527,-0.2502795457839966,-0.09580077975988388,9.38608169555664
1554676069739,-0.2550695836544037,-0.07304809242486954,9.348958969116211
1554676069929,-0.2490820288658142,-0.09819579869508743,9.393266677856445
1554676070128,-0.22872436046600342,-0.08741821348667145,9.376501083374023
1554676070329,-0.2538720667362213,-0.07304809242486954,9.323810577392578
1554676070528,-0.2442919909954071,-0.07065307348966599,9.37769889831543
1554676070728,-0.2299218773841858,-0.07185058295726776,9.37769889831543
1554676070928,-0.2191442847251892,-0.08382568508386612,9.342970848083496
1554676071128,-0.25626710057258606,-0.07664062827825546,9.399253845214844
1554676071329,-0.2251318395137787,-0.07783813774585724,9.370513916015625
1554676071527,-0.2442919909954071,-0.10657837241888046,9.394464492797852
1554676071728,-0.23830443620681763,-0.0946032702922821,9.395661354064941
1554676071929,-0.21674926578998566,-0.08741821348667145,9.376501083374023
1554676072128,-0.2299218773841858,-0.07783813774585724,9.393266677856445
1554676072329,-0.23351439833641052,-0.055085450410842896,9.348958969116211
1554676072528,-0.25267454981803894,-0.06227050721645355,9.36332893371582
1554676072728,-0.23590941727161407,-0.061072997748851776,9.371711730957031
1554676072928,-0.2550695836544037,-0.089813232421875,9.370513916015625
1554676073128,-0.2442919909954071,-0.07185058295726776,9.362131118774414
1554676073329,-0.2538720667362213,-0.0946032702922821,9.374106407165527
1554676073528,-0.2442919909954071,-0.09340576082468033,9.40045166015625
1554676073728,-0.23710693418979645,-0.08861572295427322,9.368119239807129
1554676073929,-0.25267454981803894,-0.11256591975688934,9.3501558303833
1554676074128,-0.2239343225955963,-0.09699828922748566,9.36332893371582
1554676074329,-0.23590941727161407,-0.07544311881065369,9.41482162475586
1554676074528,-0.2347119152545929,-0.08143066614866257,9.384883880615234
1554676074729,-0.27782225608825684,-0.08741821348667145,9.388476371765137
1554676074928,-0.23351439833641052,-0.07664062827825546,9.357341766357422
1554676075128,-0.25746458768844604,-0.09699828922748566,9.374106407165527
1554676075329,-0.24668700993061066,-0.08861572295427322,9.402846336364746
1554676075528,-0.22872436046600342,-0.1245410144329071,9.402846336364746
1554676075728,-0.22752685844898224,-0.05628295987844467,9.360934257507324
1554676075929,-0.20836669206619263,-0.05149291828274727,9.328600883483887
1554676076128,-0.22153930366039276,-0.08861572295427322,9.387279510498047
1554676076328,-0.22752685844898224,-0.07304809242486954,9.341773986816406
1554676076528,-0.23231689631938934,-0.06586303561925888,9.366921424865723
1554676076728,-0.24309448897838593,-0.10538086295127869,9.383686065673828
1554676076928,-0.26584717631340027,-0.09699828922748566,9.3309965133667
1554676077128,-0.2586621046066284,-0.08741821348667145,9.365723609924316
1554676077329,-0.2251318395137787,-0.08622070401906967,9.372908592224121
1554676077528,-0.2502795457839966,-0.05029540881514549,9.382489204406738
1554676077728,-0.21794678270816803,-0.08023315668106079,9.383686065673828
1554676077929,-0.22752685844898224,-0.0946032702922821,9.374106407165527
1554676078128,-0.2502795457839966,-0.08023315668106079,9.338181495666504
1554676078329,-0.2251318395137787,-0.09101074188947678,9.396859169006348
1554676078528,-0.23111937940120697,-0.1149609386920929,9.370513916015625
1554676078729,-0.23111937940120697,-0.11615844815969467,9.352551460266113
1554676078928,-0.2299218773841858,-0.06945556402206421,9.371711730957031
1554676079128,-0.21555176377296448,-0.0646655261516571,9.398056983947754
1554676079329,-0.2538720667362213,-0.06825805455446243,9.384883880615234
1554676079528,-0.239501953125,-0.09220825135707855,9.39087200164795
1554676079728,-0.23351439833641052,-0.09340576082468033,9.329798698425293
1554676079929,-0.22632934153079987,-0.09699828922748566,9.360934257507324
1554676080124,-0.22632934153079987,-0.13651610910892487,9.382489204406738
1554676080328,-0.39637574553489685,0.33650025725364685,8.017328262329102
1554676080528,-0.8849596977233887,-0.9783654808998108,14.725777626037598
1554676080728,-0.09819579869508743,-0.24548950791358948,7.52155876159668
1554676080928,-0.43110352754592896,0.08382568508386612,8.831634521484375
1554676081128,-0.269439697265625,-0.09340576082468033,9.249565124511719
1554676081329,-0.1448986828327179,-0.0646655261516571,9.358538627624512
1554676081528,-1.5687377452850342,1.413061499595642,12.466076850891113
1554676081728,0.06227050721645355,0.6298901438713074,13.877941131591797
1554676081929,-0.5891748070716858,-1.177152156829834,12.493618965148926
1554676082128,-0.14250366389751434,-0.17603392899036407,10.826685905456543
1554676082329,-0.29578492045402527,0.47062134742736816,8.782536506652832
1554676082528,-0.2897973656654358,-0.16645385324954987,10.608738899230957
1554676082728,-0.25626710057258606,-0.16166381537914276,9.060359001159668
1554676082928,-0.15807129442691803,-0.18321900069713593,-0.23710693418979645
1554676083128,0.760418713092804,0.23231689631938934,3.563789129257202
1554676083329,-1.550775170326233,0.1149609386920929,19.619401931762695
1554676083528,0.1401086449623108,1.1699670553207397,6.176755428314209
1554676083728,-0.239501953125,-0.8238866925239563,13.670771598815918
1554676083927,-0.4634362757205963,0.22153930366039276,7.648494720458984
1554676084128,-0.07544311881065369,0.09340576082468033,10.357261657714844
1554676084329,0.027542725205421448,-0.3305127024650574,9.302255630493164
1554676084528,-0.1353186070919037,0.17962646484375,8.856781959533691
1554676084728,-0.31135255098342896,0.040715333074331284,9.702223777770996
1554676084928,-0.18202148377895355,-0.2742297351360321,9.898615837097168
1554676085128,-0.24069947004318237,0.18321900069713593,9.26633071899414
1554676085329,0.09101074188947678,0.061072997748851776,9.705816268920898
1554676085528,-0.33171021938323975,0.13172607123851776,9.453142166137695
1554676085728,0.02634521573781967,-0.14729370176792145,9.268725395202637
1554676085927,-0.20357665419578552,0.007185058668255806,9.601633071899414
1554676086128,-0.17363891005516052,-0.09340576082468033,9.402846336364746
1554676086329,-0.24309448897838593,-0.058677978813648224,9.75012493133545
1554676086528,-0.11615844815969467,-0.09340576082468033,9.236392974853516
1554676086728,-0.22273682057857513,-0.11855346709489822,9.265132904052734
1554676086928,-0.2838098108768463,-0.12813355028629303,9.44595718383789
1554676087128,-0.29099488258361816,-0.17842894792556763,9.554930686950684
1554676087329,-0.2550695836544037,-0.09939330816268921,9.186097145080566
1554676087528,-0.239501953125,-0.10418334603309631,9.267528533935547
1554676087728,-0.32213011384010315,-0.1341210901737213,9.405241966247559
1554676087927,-0.2347119152545929,-0.18202148377895355,9.4603271484375
1554676088128,-0.28740233182907104,-0.13771362602710724,9.154962539672852
1554676088329,-0.27782225608825684,-0.14250366389751434,9.371711730957031
1554676088528,-0.2850073277950287,-0.12094848603010178,9.480685234069824
1554676088728,-0.21794678270816803,-0.07783813774585724,9.225615501403809
1554676088932,-0.25746458768844604,-0.10178832709789276,9.232800483703613
1554676089128,-0.23710693418979645,-0.1149609386920929,9.429191589355469
1554676089329,-0.2802172899246216,-0.10777588188648224,9.447154998779297
1554676089528,-0.1999841332435608,-0.06706054508686066,9.293872833251953
1554676089728,-0.20237915217876434,-0.08741821348667145,9.342970848083496
1554676089928,-0.20357665419578552,-0.09220825135707855,9.463919639587402
1554676090128,-0.20716919004917145,-0.09580077975988388,9.429191589355469
1554676090329,-0.24189697206020355,-0.07304809242486954,9.26633071899414
1554676090528,0.0011975098168477416,-0.17124389111995697,9.623188018798828
1554676090728,-0.25626710057258606,-0.06586303561925888,9.259145736694336
1554676090928,-0.17723144590854645,-0.07304809242486954,9.471104621887207
1554676091128,-0.22153930366039276,-0.028740234673023224,9.289083480834961
1554676091329,-0.18321900069713593,-0.11136841028928757,9.345366477966309
1554676091529,-0.1951940953731537,-0.11256591975688934,9.511819839477539
1554676091728,-0.20357665419578552,-0.06706054508686066,9.249565124511719
1554676091928,-0.20357665419578552,-0.11017090082168579,9.299860954284668
1554676092128,-0.22632934153079987,-0.12573853135108948,9.448351860046387
1554676092329,-0.24069947004318237,-0.09819579869508743,9.365723609924316
1554676092528,-0.19639159739017487,-0.1149609386920929,9.325008392333984
1554676092727,-0.19878661632537842,-0.11735595762729645,9.366921424865723
1554676092927,-0.24189697206020355,-0.09580077975988388,9.456734657287598
1554676093127,-0.22752685844898224,-0.09220825135707855,9.347761154174805
1554676093327,-0.209564208984375,-0.08023315668106079,9.289083480834961
1554676093526,-0.2550695836544037,-0.12094848603010178,9.424402236938477
1554676093727,-0.23830443620681763,-0.09580077975988388,9.370513916015625
1554676093929,-0.2347119152545929,-0.08262817561626434,9.283095359802246
1554676094128,-0.2347119152545929,-0.08143066614866257,9.338181495666504
1554676094329,-0.23111937940120697,-0.10298583656549454,9.420809745788574
1554676094528,-0.22752685844898224,-0.05987548828125,9.376501083374023
1554676094728,-0.1951940953731537,-0.07544311881065369,9.395661354064941
1554676094928,-0.239501953125,-0.11855346709489822,9.329798698425293
1554676095128,-0.2299218773841858,-0.10538086295127869,9.416019439697266
1554676095328,-0.2239343225955963,-0.09101074188947678,9.356143951416016
1554676095528,-0.23351439833641052,-0.08262817561626434,9.358538627624512
1554676095728,-0.24189697206020355,-0.10777588188648224,9.411229133605957
1554676095927,-0.25746458768844604,-0.11855346709489822,9.375304222106934
1554676096126,-0.21076172590255737,-0.08023315668106079,9.37769889831543
1554676096327,-0.239501953125,-0.09699828922748566,9.328600883483887
1554676096528,-0.24548950791358948,-0.11017090082168579,9.392068862915039
1554676096728,-0.21794678270816803,-0.09220825135707855,9.392068862915039
1554676096928,-0.2047741711139679,-0.08622070401906967,9.342970848083496
1554676097128,-0.19639159739017487,-0.11376342922449112,9.320218086242676
1554676097329,-0.2251318395137787,-0.09580077975988388,9.393266677856445
1554676097528,-0.22273682057857513,-0.089813232421875,9.362131118774414
1554676097728,-0.2239343225955963,-0.10538086295127869,9.372908592224121
1554676097927,-0.20357665419578552,-0.08861572295427322,9.339378356933594
1554676098128,-0.21674926578998566,-0.10059081763029099,9.383686065673828
1554676098329,-0.808319091796875,0.07304809242486954,14.677877426147461
1554676098528,0.6143224835395813,-0.3496728539466858,5.160069465637207
1554676098728,-0.30656251311302185,-0.061072997748851776,10.110574722290039
1554676098928,-0.07185058295726776,-0.05149291828274727,9.556127548217773
1554676099128,0.040715333074331284,-0.31614258885383606,9.641151428222656
1554676099329,-0.08023315668106079,-0.13052856922149658,9.387279510498047
1554676099528,-0.07544311881065369,-0.20836669206619263,9.463919639587402
1554676099728,-0.10418334603309631,-0.1592687964439392,9.666298866271973
1554676099928,-0.1652563512325287,-0.13771362602710724,9.268725395202637
1554676100128,-0.23710693418979645,-0.08741821348667145,9.429191589355469
1554676100329,-0.17723144590854645,-0.11017090082168579,9.322613716125488
1554676100528,-0.2299218773841858,-0.06586303561925888,9.263935089111328
1554676100728,-0.1844165027141571,-0.07783813774585724,9.32620620727539
1554676100928,-0.20836669206619263,-0.08741821348667145,9.325008392333984
1554676101128,-0.239501953125,-0.06586303561925888,9.362131118774414
1554676101329,-1.1388317346572876,0.7472460865974426,13.482762336730957
1554676101528,-0.5484594702720642,-0.28141480684280396,12.302018165588379
1554676101728,-0.35685789585113525,-0.1293310523033142,9.297466278076172
1554676101928,-0.21195922791957855,0.002395019633695483,9.439969062805176
1554676102128,-0.07065307348966599,-0.10538086295127869,9.238787651062012
1554676102329,-0.0946032702922821,-0.2598596215248108,9.599238395690918
1554676102528,-0.2598596215248108,-0.1401086449623108,9.4699068069458
1554676102724,0.019160157069563866,-0.3879931569099426,9.786049842834473
1554676102928,-0.07185058295726776,-0.5005590915679932,6.294111251831055
1554676103128,0.23830443620681763,-0.850231945514679,9.360934257507324
1554676103329,0.1748364269733429,-0.05269043147563934,8.669970512390137
1554676103528,0.02634521573781967,-0.4430786073207855,9.395661354064941
1554676103728,-0.03832031413912773,-0.3496728539466858,9.735754013061523
1554676103928,-0.06945556402206421,-0.09101074188947678,9.29507064819336
1554676104128,-0.16884887218475342,-0.19279907643795013,9.436376571655273
1554676104329,-0.0646655261516571,-0.22153930366039276,9.41482162475586
1554676104528,-0.1652563512325287,-0.13292358815670013,9.334589004516602
1554676104728,-0.10178832709789276,-0.1149609386920929,9.353748321533203
1554676104928,-0.15328125655651093,-0.061072997748851776,9.341773986816406
1554676105128,-0.21315674483776093,-0.06346801668405533,9.204059600830078
1554676105329,-0.21555176377296448,-0.03353027254343033,9.404044151306152
1554676105528,-0.2502795457839966,-0.07664062827825546,9.289083480834961
1554676105728,-0.2442919909954071,-0.05269043147563934,9.364526748657227
1554676105928,-0.21555176377296448,-0.07424560189247131,9.25794792175293
1554676106128,-0.2502795457839966,-0.09580077975988388,9.296268463134766
1554676106329,-0.2550695836544037,-0.07304809242486954,9.342970848083496
1554676106528,-0.23111937940120697,-0.09340576082468033,9.366921424865723
1554676106729,-0.24189697206020355,-0.05748046934604645,9.348958969116211
1554676106928,-0.18202148377895355,-0.031135253608226776,7.296426773071289
1554676107128,-0.39757323265075684,-0.8837621808052063,8.00056266784668
1554676107329,-0.6298901438713074,0.5604345798492432,9.798025131225586
1554676107528,-0.21315674483776093,0.0646655261516571,8.701106071472168
1554676107728,-0.2550695836544037,-0.2634521424770355,9.792037010192871
1554676107928,-0.33650025725364685,-0.06227050721645355,9.395661354064941
1554676108128,-0.29099488258361816,-0.12214599549770355,9.302255630493164
1554676108329,-0.1245410144329071,-0.10777588188648224,9.513017654418945
1554676108528,-0.23231689631938934,-0.11735595762729645,9.202862739562988
1554676108728,-0.7747887969017029,0.08262817561626434,15.063475608825684
1554676108928,-0.10538086295127869,0.34129029512405396,10.300978660583496
1554676109128,-0.1149609386920929,-0.5484594702720642,9.116641998291016
1554676109329,-0.4083508253097534,0.10298583656549454,9.268725395202637
1554676109528,-0.12214599549770355,-0.1448986828327179,9.364526748657227
1554676109728,-0.10059081763029099,-0.2490820288658142,9.78245735168457
1554676109929,-0.22872436046600342,-0.16046631336212158,9.114246368408203
1554676110128,-0.11855346709489822,-0.1592687964439392,9.590855598449707
1554676110329,-0.20716919004917145,-0.07664062827825546,9.26633071899414
1554676110528,-0.20118163526058197,-0.1448986828327179,9.426796913146973
1554676110728,-0.25626710057258606,-0.07424560189247131,9.376501083374023
1554676110928,-0.23111937940120697,-0.09340576082468033,9.321415901184082
1554676111128,-0.3197351098060608,-0.046702880412340164,9.341773986816406
1554676111329,-0.2634521424770355,-0.09220825135707855,9.384883880615234
1554676111528,-0.28620484471321106,-0.034727782011032104,9.360934257507324
1554676111728,-0.17363891005516052,-0.10538086295127869,9.393266677856445
1554676111928,-0.30296996235847473,-0.10538086295127869,9.336983680725098
1554676112128,-0.18800903856754303,-0.09580077975988388,9.372908592224121
1554676112329,-0.2550695836544037,-0.0850231945514679,9.335785865783691
1554676112528,-0.18561401963233948,-0.10059081763029099,9.360934257507324
1554676112728,-0.2442919909954071,-0.07544311881065369,9.358538627624512
1554676112928,-0.21315674483776093,-0.06825805455446243,9.366921424865723
1554676113128,-0.22752685844898224,-0.11256591975688934,9.395661354064941
1554676113329,-0.21674926578998566,-0.08622070401906967,9.334589004516602
1554676113528,-0.20237915217876434,-0.10897339135408401,9.392068862915039
1554676113728,-0.2442919909954071,-0.10418334603309631,9.344168663024902
1554676113928,-0.2191442847251892,-0.1149609386920929,9.398056983947754
1554676114128,-0.24069947004318237,-0.08143066614866257,9.328600883483887
1554676114329,-0.19758911430835724,-0.11136841028928757,9.39087200164795
1554676114531,-0.22273682057857513,-0.10059081763029099,9.356143951416016
1554676114728,-0.22632934153079987,-0.12334350496530533,9.389674186706543
1554676114928,-0.23111937940120697,-0.10538086295127869,9.358538627624512
1554676115128,-0.18800903856754303,-0.10657837241888046,9.392068862915039
1554676115329,-0.2598596215248108,-0.08622070401906967,9.39087200164795
1554676115528,-0.20716919004917145,-0.10059081763029099,9.395661354064941
1554676115728,-0.23710693418979645,-0.08262817561626434,9.399253845214844
1554676115928,-0.21315674483776093,-0.08023315668106079,9.31782341003418
1554676116128,-0.1999841332435608,-0.09580077975988388,9.374106407165527
1554676116329,-0.24309448897838593,-0.089813232421875,9.3501558303833
1554676116528,-0.21674926578998566,-0.09101074188947678,9.41003131866455
1554676116728,-0.24069947004318237,-0.09220825135707855,9.327404022216797
1554676116928,-0.18561401963233948,-0.08861572295427322,9.406438827514648
1554676117129,-0.22752685844898224,-0.09699828922748566,9.362131118774414
1554676117329,-0.23590941727161407,-0.11615844815969467,9.39087200164795
1554676117528,-0.21555176377296448,-0.08143066614866257,9.341773986816406
1554676117728,-0.239501953125,-0.09939330816268921,9.358538627624512
1554676117928,-0.2251318395137787,-0.10538086295127869,9.351353645324707
1554676118128,-0.2191442847251892,-0.07903564721345901,9.408834457397461
1554676118329,-0.22872436046600342,-0.14370116591453552,9.359736442565918
1554676118528,-0.22273682057857513,-0.07903564721345901,9.374106407165527
1554676118728,-0.2191442847251892,-0.08622070401906967,9.395661354064941
1554676118928,-0.23351439833641052,-0.11017090082168579,9.362131118774414
1554676119128,-0.22632934153079987,-0.12573853135108948,9.389674186706543
1554676119329,-0.2251318395137787,-0.07903564721345901,9.387279510498047
1554676119528,-0.21315674483776093,-0.11136841028928757,9.380093574523926
1554676119728,-0.22632934153079987,-0.08143066614866257,9.364526748657227
1554676119928,-0.1892065405845642,-0.11855346709489822,9.372908592224121
1554676120128,-0.21315674483776093,-0.08622070401906967,9.372908592224121
1554676120329,-0.2347119152545929,-0.11376342922449112,9.358538627624512
1554676120528,-0.24548950791358948,-0.10418334603309631,9.357341766357422
1554676120728,-0.23111937940120697,-0.07664062827825546,9.351353645324707
1554676120931,-0.22034180164337158,-0.08622070401906967,9.370513916015625
1554676121128,-0.2191442847251892,-0.11256591975688934,9.375304222106934
1554676121329,-0.21315674483776093,-0.10059081763029099,9.356143951416016
1554676121528,-0.20836669206619263,-0.09819579869508743,9.419611930847168
1554676121728,-0.21315674483776093,-0.08861572295427322,9.352551460266113
1554676121928,-0.20597167313098907,-0.0946032702922821,9.345366477966309
1554676122128,-0.22034180164337158,-0.11136841028928757,9.40045166015625
1554676122329,-0.23111937940120697,-0.12813355028629303,9.353748321533203
1554676122528,-0.2047741711139679,-0.12573853135108948,9.372908592224121
1554676122728,-0.26105713844299316,-0.07185058295726776,9.353748321533203
1554676122928,-0.22034180164337158,-0.10777588188648224,9.35494613647461
1554676123128,-0.209564208984375,-0.11256591975688934,9.358538627624512
1554676123329,-0.22273682057857513,-0.0850231945514679,9.339378356933594
1554676123528,-0.2191442847251892,-0.11376342922449112,9.36332893371582
1554676123724,-0.2299218773841858,-0.07903564721345901,9.371711730957031
1554676123928,-0.21555176377296448,-0.08861572295427322,9.387279510498047
1554676124128,-0.2047741711139679,-0.0850231945514679,9.36332893371582
1554676124329,-0.2191442847251892,-0.1293310523033142,9.393266677856445
1554676124528,-0.23351439833641052,-0.10418334603309631,9.38608169555664
1554676124728,-0.20357665419578552,-0.10059081763029099,9.374106407165527
1554676124928,-0.24069947004318237,-0.06706054508686066,9.395661354064941
1554676125128,-0.20597167313098907,-0.08382568508386612,9.344168663024902
1554676125329,-0.2191442847251892,-0.07304809242486954,9.342970848083496
1554676125528,-0.23231689631938934,-0.07185058295726776,9.376501083374023
1554676125728,-0.22153930366039276,-0.08143066614866257,9.364526748657227
1554676125928,-0.21195922791957855,-0.09220825135707855,9.396859169006348
1554676126129,-0.22153930366039276,-0.08262817561626434,9.348958969116211
1554676126329,-0.21195922791957855,-0.08622070401906967,9.356143951416016
1554676126528,-0.21794678270816803,-0.10418334603309631,9.37769889831543
1554676126728,-0.2239343225955963,-0.10777588188648224,9.341773986816406
1554676126928,-0.2191442847251892,-0.09819579869508743,9.347761154174805
1554676127128,-0.19758911430835724,-0.12334350496530533,9.342970848083496
1554676127329,-0.19758911430835724,-0.10538086295127869,9.351353645324707
1554676127528,-0.20836669206619263,-0.11256591975688934,9.407636642456055
1554676127728,-0.20357665419578552,-0.08382568508386612,9.347761154174805
1554676127928,-0.19279907643795013,-0.09699828922748566,9.392068862915039
1554676128128,-0.22632934153079987,-0.08143066614866257,9.362131118774414
1554676128329,-0.22632934153079987,-0.08262817561626434,9.360934257507324
1554676128528,-0.22273682057857513,-0.09340576082468033,9.36332893371582
1554676128728,-0.23351439833641052,-0.0850231945514679,9.37769889831543
1554676128924,-0.23351439833641052,-0.0850231945514679,9.37769889831543
1554676129127,-0.23590941727161407,-0.089813232421875,9.347761154174805
1554676129327,-0.20836669206619263,-0.09101074188947678,9.353748321533203
1554676129528,-0.2239343225955963,-0.08382568508386612,9.417217254638672
1554676129728,-0.21315674483776093,-0.09220825135707855,9.402846336364746
1554676129929,-0.20836669206619263,-0.0946032702922821,9.376501083374023
1554676130128,-0.2143542468547821,-0.10897339135408401,9.383686065673828
1554676130329,-0.22153930366039276,-0.07903564721345901,9.357341766357422
1554676130528,-0.20118163526058197,-0.11376342922449112,9.359736442565918
1554676130728,-0.20237915217876434,-0.10538086295127869,9.358538627624512
1554676130928,-0.2047741711139679,-0.08023315668106079,9.376501083374023
1554676131128,-0.2143542468547821,-0.11136841028928757,9.31782341003418
1554676131329,-0.21555176377296448,-0.0946032702922821,9.348958969116211
1554676131528,-0.209564208984375,-0.11376342922449112,9.35494613647461
1554676131728,-0.2191442847251892,-0.06945556402206421,9.341773986816406
1554676131928,-0.22153930366039276,-0.08023315668106079,9.375304222106934
1554676132128,-0.21555176377296448,-0.07903564721345901,9.358538627624512
1554676132329,-0.24309448897838593,-0.10418334603309631,9.3501558303833
1554676132527,-0.21674926578998566,-0.09101074188947678,9.401649475097656
1554676132728,-0.209564208984375,-0.1197509765625,9.35494613647461
1554676132928,-0.20597167313098907,-0.08143066614866257,9.382489204406738
1554676133128,-0.20836669206619263,-0.12573853135108948,9.380093574523926
1554676133329,-0.22632934153079987,-0.1149609386920929,9.365723609924316
1554676133528,-0.20118163526058197,-0.10059081763029099,9.426796913146973
1554676133728,-0.26105713844299316,-0.09101074188947678,9.40045166015625
1554676133928,-0.4837939441204071,-0.7652087211608887,14.446758270263672
1554676134127,0.826281726360321,-0.2802172899246216,7.497608661651611
1554676134329,-0.013172607868909836,0.10777588188648224,8.467591285705566
1554676134528,-0.09220825135707855,-0.15687377750873566,9.815987586975098
1554676134728,-0.40715330839157104,0.10897339135408401,9.222023010253906
1554676134928,-0.10657837241888046,-0.0646655261516571,9.296268463134766
1554676135128,-0.25626710057258606,-0.007185058668255806,9.444759368896484
1554676135329,-0.2538720667362213,-0.002395019633695483,9.056766510009766
1554676135527,-0.20237915217876434,-0.016765136271715164,9.394464492797852
1554676135728,-0.30656251311302185,-0.007185058668255806,9.158555030822754
1554676135928,-0.18561401963233948,-0.06825805455446243,9.212442398071289
1554676136128,-0.5795947313308716,0.5173242092132568,9.383686065673828
1554676136324,-0.03353027254343033,0.10777588188648224,9.431587219238281
1554676136527,-0.16765137016773224,-0.14609618484973907,9.487870216369629
1554676136728,-0.149688720703125,-0.10059081763029099,9.297466278076172
1554676136928,-0.22872436046600342,-0.020357666537165642,9.442364692687988
1554676137128,-0.14250366389751434,-0.15088623762130737,9.517807960510254
1554676137329,-0.1999841332435608,-0.09580077975988388,9.425599098205566
1554676137527,-0.12094848603010178,-0.10538086295127869,9.556127548217773
1554676137728,-0.1652563512325287,-0.10538086295127869,9.427994728088379
1554676137928,-0.17723144590854645,-0.11615844815969467,9.484277725219727
1554676138128,-0.2239343225955963,-0.10059081763029099,9.419611930847168
1554676138329,-0.16765137016773224,-0.09101074188947678,9.418414115905762
1554676138528,-0.23590941727161407,-0.06706054508686066,9.277108192443848
1554676138728,-0.17842894792556763,-0.09220825135707855,9.297466278076172
1554676138929,-0.24189697206020355,-0.1592687964439392,9.381291389465332
1554676139128,-0.17962646484375,-0.04430786147713661,9.289083480834961
1554676139329,-0.17124389111995697,-0.13172607123851776,9.359736442565918
1554676139528,-0.26105713844299316,-0.07783813774585724,9.339378356933594
1554676139728,-0.20237915217876434,-0.08741821348667145,9.387279510498047
1554676139928,-0.19040405750274658,-0.0850231945514679,9.341773986816406
1554676140126,-0.17124389111995697,-0.08741821348667145,9.387279510498047
1554676140327,-0.1939965784549713,-0.10777588188648224,9.358538627624512
1554676140528,-0.21674926578998566,-0.10178832709789276,9.372908592224121
1554676140728,-0.23830443620681763,-0.06945556402206421,9.340576171875
1554676140928,-0.17723144590854645,-0.10777588188648224,9.425599098205566
1554676141128,-0.2347119152545929,-0.09220825135707855,9.344168663024902
1554676141329,-0.1951940953731537,-0.10059081763029099,9.393266677856445
1554676141528,-0.20597167313098907,-0.07664062827825546,9.335785865783691
1554676141728,-0.209564208984375,-0.08382568508386612,9.411229133605957
1554676141928,-0.2143542468547821,-0.10418334603309631,9.368119239807129
1554676142128,-0.1951940953731537,-0.08861572295427322,9.384883880615234
1554676142329,-0.22872436046600342,-0.089813232421875,9.401649475097656
1554676142528,-0.2047741711139679,-0.09340576082468033,9.388476371765137
1554676142728,-0.20836669206619263,-0.10178832709789276,9.380093574523926
1554676142928,-0.33171021938323975,-0.17124389111995697,7.632927417755127
1554676143128,-0.17124389111995697,0.45625123381614685,0.7400610446929932
1554676143329,-0.06586303561925888,-0.20237915217876434,-1.1747571229934692
1554676143528,3.111130475997925,-1.7136365175247192,19.619401931762695
1554676143728,0.5532495379447937,-0.5017566084861755,11.66614055633545
1554676143928,-0.9508227705955505,0.6370751857757568,9.524992942810059
1554676144128,0.04430786147713661,-1.263372778892517,8.40532112121582
1554676144329,-0.12813355028629303,0.5436694622039795,9.980046272277832
1554676144528,0.007185058668255806,0.29937744140625,9.969268798828125
1554676144728,-1.1400293111801147,-0.2442919909954071,11.112890243530273
1554676144928,-0.26225462555885315,-0.07544311881065369,9.883048057556152
1554676145128,-0.7209008932113647,-0.9627978801727295,12.469669342041016
1554676145326,0.05269043147563934,0.610729992389679,8.426876068115234
1554676145528,-0.5819897651672363,0.26704466342926025,11.120075225830078
1554676145728,-0.4179309010505676,-0.1844165027141571,9.102272033691406
1554676145928,-0.18202148377895355,-0.07424560189247131,9.620793342590332
1554676146128,-0.14250366389751434,0.12693603336811066,9.970466613769531
1554676146329,-0.5724096894264221,-0.13052856922149658,9.251960754394531
1554676146528,-0.20118163526058197,-0.1748364269733429,9.909393310546875
1554676146724,-0.2682421803474426,-0.0946032702922821,9.945318222045898
1554676146927,-0.3879931569099426,-0.08622070401906967,9.186097145080566
1554676147128,-0.3353027403354645,-0.12094848603010178,9.890233039855957
1554676147329,-0.07424560189247131,0.010777588002383709,9.416019439697266
1554676147528,-0.2586621046066284,-0.025147704407572746,9.696236610412598
1554676147728,-0.21076172590255737,-0.10538086295127869,9.04119873046875
1554676147928,-0.2502795457839966,-0.14849120378494263,9.824370384216309
1554676148139,-0.1149609386920929,0.003592529334127903,9.014853477478027
1554676148328,-0.23351439833641052,-0.05987548828125,9.499844551086426
1554676148528,-0.16166381537914276,-0.09340576082468033,9.080716133117676
1554676148728,-0.09340576082468033,2.7482848167419434,18.549427032470703
1554676148928,0.06945556402206421,9.375304222106934,19.619401931762695
1554676149128,-1.038240909576416,-1.7495617866516113,13.2827787399292
1554676149329,-0.37122803926467896,0.640667736530304,10.327323913574219
1554676149528,-1.1100915670394897,-1.217867374420166,11.9655179977417
1554676149728,-1.3903088569641113,0.31255003809928894,12.719948768615723
1554676149927,-0.5005590915679932,-0.01796264573931694,9.356143951416016
1554676150128,-3.53265380859375,-0.7376660108566284,19.619401931762695
1554676150329,-0.06825805455446243,-0.2885998487472534,0.03353027254343033
1554676150528,1.1603869199752808,0.3796105980873108,10.175240516662598
1554676150724,-1.1555969715118408,-0.3233276307582855,13.657598495483398
1554676150928,1.4501843452453613,-1.6286132335662842,8.264015197753906
1554676151128,-1.0298583507537842,0.7879614233970642,10.431507110595703
1554676151329,-0.3532653748989105,0.16166381537914276,8.144264221191406
1554676151528,0.0059875487349927425,-0.8813672065734863,10.211165428161621
1554676151734,-0.14250366389751434,0.24309448897838593,8.182583808898926
1554676151928,-0.3436852991580963,0.10418334603309631,9.095087051391602
1554676152128,-0.5580395460128784,-0.16884887218475342,9.172924995422363
1554676152329,-0.40236327052116394,0.5077441334724426,10.000404357910156
1554676152528,0.21315674483776093,-0.10897339135408401,16.223861694335938
1554676152728,-0.706530749797821,2.8380980491638184,19.619401931762695
1554676152928,-0.12214599549770355,-0.2251318395137787,-0.38679563999176025
1554676153128,0.7927514910697937,0.49097901582717896,13.256433486938477
1554676153329,0.3700305223464966,-0.6526428461074829,5.956413745880127
1554676153528,-0.42751097679138184,0.1592687964439392,12.038565635681152
1554676153728,-0.24189697206020355,-0.526904284954071,8.065228462219238
1554676153928,0.09819579869508743,-0.20237915217876434,10.212363243103027
1554676154128,-0.4251159727573395,-0.21076172590255737,10.142908096313477
1554676154324,0.05149291828274727,0.06825805455446243,9.503437042236328
1554676154530,-0.09220825135707855,0.05149291828274727,9.883048057556152
1554676154728,-0.5304968357086182,-0.24788452684879303,8.969347953796387
1554676154928,-0.09580077975988388,-0.4897814989089966,9.715396881103516
1554676155128,-0.23351439833641052,0.05987548828125,9.635163307189941
1554676155329,-0.18800903856754303,0.2538720667362213,9.013655662536621
1554676155528,-0.18800903856754303,-0.05029540881514549,9.272317886352539
1554676155728,-0.3245251476764679,-0.21674926578998566,9.475894927978516
1554676155928,-0.031135253608226776,-0.29099488258361816,7.442523002624512
1554676156128,-0.12813355028629303,-0.2981799244880676,-0.6658154129981995
1554676156329,-1.490899682044983,-0.6526428461074829,11.038644790649414
1554676156528,0.688568115234375,-1.2286449670791626,7.582632064819336
1554676156728,-0.45146119594573975,0.6789880394935608,8.699908256530762
1554676156928,-0.2838098108768463,0.6730005145072937,9.360934257507324
1554676157128,0.2897973656654358,-0.8849596977233887,8.517887115478516
1554676157329,0.13651610910892487,-1.041833519935608,9.718989372253418
1554676157528,-0.6382727026939392,0.14729370176792145,9.738149642944336
1554676157728,0.0059875487349927425,0.32093262672424316,9.204059600830078
1554676157928,-0.6310876607894897,-0.5783972144126892,10.172845840454102
1554676158128,0.1197509765625,-0.2538720667362213,9.047185897827148
1554676158329,-0.37601807713508606,-0.29937744140625,9.87945556640625
1554676158528,-0.33769774436950684,-0.25626710057258606,9.756112098693848
1554676158728,-0.10178832709789276,-0.05269043147563934,9.477092742919922
1554676158928,-0.06227050721645355,-0.03353027254343033,9.27112102508545
1554676159128,-0.10897339135408401,-0.09101074188947678,9.443561553955078
1554676159329,-0.23351439833641052,-0.11256591975688934,9.315428733825684
1554676159528,-0.17363891005516052,-0.12813355028629303,9.443561553955078
1554676159728,-0.0946032702922821,-0.08622070401906967,9.383686065673828
1554676159928,-0.08262817561626434,-0.010777588002383709,9.299860954284668
1554676160128,-0.14130614697933197,-0.07783813774585724,9.302255630493164
1554676160329,-0.209564208984375,-0.1544787585735321,9.569300651550293
1554676160528,-0.26105713844299316,-0.16765137016773224,9.532177925109863
1554676160729,-0.2347119152545929,-0.03712280094623566,9.334589004516602
1554676160928,-0.13651610910892487,-0.020357666537165642,9.24357795715332
1554676161128,-0.20357665419578552,-0.03951782360672951,9.224417686462402
1554676161329,-0.1341210901737213,-0.019160157069563866,9.121432304382324
1554676161528,-0.3844006359577179,-0.06227050721645355,9.14657974243164
1554676161728,-0.3400927782058716,-0.03233276307582855,9.653125762939453
1554676161928,-0.2299218773841858,-0.046702880412340164,9.447154998779297
1554676162128,-0.11855346709489822,-0.04191284254193306,9.302255630493164
1554676162329,-0.22034180164337158,-0.058677978813648224,9.239985466003418
1554676162528,-0.23231689631938934,-0.10298583656549454,9.307045936584473
1554676162728,-0.19040405750274658,-0.1245410144329071,9.412426948547363
1554676162925,-0.1544787585735321,-0.08382568508386612,9.3501558303833
1554676163128,-0.18681152164936066,-0.08262817561626434,9.356143951416016
1554676163329,-0.17723144590854645,-0.11855346709489822,9.456734657287598
1554676163530,-0.2047741711139679,-0.10418334603309631,9.387279510498047
1554676163728,-0.22632934153079987,-0.11615844815969467,9.382489204406738
1554676163928,-0.18800903856754303,-0.049097899347543716,9.42320442199707
1554676164128,-0.18800903856754303,-0.07544311881065369,9.364526748657227
1554676164329,-0.20357665419578552,-0.058677978813648224,9.322613716125488
1554676164528,-0.1951940953731537,-0.08741821348667145,9.310638427734375
1554676164728,-0.19279907643795013,-0.089813232421875,9.40045166015625
1554676164928,-0.2047741711139679,-0.10059081763029099,9.454339981079102
1554676165128,-0.2047741711139679,-0.05987548828125,9.43757438659668
1554676165329,-0.18800903856754303,-0.08262817561626434,9.412426948547363
1554676165528,-0.21555176377296448,-0.07304809242486954,9.416019439697266
1554676165728,-0.21315674483776093,-0.089813232421875,9.399253845214844
1554676165928,-0.22632934153079987,-0.09220825135707855,9.382489204406738
1554676166128,-0.2239343225955963,-0.07304809242486954,9.333391189575195
1554676166329,-0.2239343225955963,-0.08023315668106079,9.381291389465332
1554676166527,-0.20357665419578552,-0.09819579869508743,9.333391189575195
1554676166728,-0.6382727026939392,-0.4849914610385895,5.634283542633057
1554676166928,-0.2981799244880676,1.1400293111801147,9.971663475036621
1554676167128,-0.2634521424770355,-0.10298583656549454,8.963360786437988
1554676167330,-0.020357666537165642,-0.8442443609237671,10.473420143127441
1554676167528,-0.5173242092132568,0.24788452684879303,8.814868927001953
1554676167728,-0.33171021938323975,-0.06346801668405533,10.07345199584961
1554676167926,0.003592529334127903,-0.3305127024650574,9.268725395202637
1554676168128,-1.0154882669448853,0.06825805455446243,15.160473823547363
1554676168329,-0.1448986828327179,0.5304968357086182,7.052134990692139
1554676168528,-0.10657837241888046,-0.10059081763029099,9.648336410522461
1554676168728,-0.17603392899036407,-0.7508386373519897,9.253157615661621
1554676168928,-0.26105713844299316,-0.089813232421875,9.951306343078613
1554676169128,-0.014370117336511612,-0.10777588188648224,9.089098930358887
1554676169329,-0.1544787585735321,-0.09819579869508743,9.611213684082031
1554676169528,-0.1939965784549713,-0.06945556402206421,9.132209777832031
1554676169728,-0.18681152164936066,-0.07424560189247131,9.498647689819336
1554676169928,-0.16286133229732513,-0.10657837241888046,9.213640213012695
1554676170128,-0.17363891005516052,-0.043110352009534836,9.498647689819336
1554676170329,-0.2347119152545929,-0.061072997748851776,9.256750106811523
1554676170528,-0.19878661632537842,-0.06346801668405533,9.532177925109863
1554676170728,-0.29578492045402527,-0.08861572295427322,9.226812362670898
1554676170928,-0.20357665419578552,-0.03712280094623566,9.577683448791504
1554676171128,-0.26225462555885315,-0.03592529147863388,9.327404022216797
1554676171329,-0.22034180164337158,-0.10897339135408401,9.442364692687988
1554676171528,-0.31255003809928894,-0.08023315668106079,9.320218086242676
1554676171728,-0.14250366389751434,-0.04550537094473839,9.499844551086426
1554676171928,-0.22034180164337158,-0.08741821348667145,9.30345344543457
1554676172128,-0.15807129442691803,-0.09699828922748566,9.438772201538086
1554676172329,-0.239501953125,-0.10059081763029099,9.287885665893555
1554676172528,-0.17842894792556763,-0.09220825135707855,9.473499298095703
1554676172728,-0.26584717631340027,-0.10178832709789276,9.249565124511719
1554676172928,-0.20237915217876434,-0.09580077975988388,9.357341766357422
1554676173128,-0.24189697206020355,-0.08741821348667145,9.345366477966309
1554676173329,-0.20237915217876434,-0.10777588188648224,9.342970848083496
1554676173528,-0.21674926578998566,-0.07185058295726776,9.325008392333984
1554676173728,-0.19279907643795013,-0.08143066614866257,9.358538627624512
1554676173928,-0.23111937940120697,-0.05628295987844467,9.443561553955078
1554676174128,-0.22872436046600342,-0.11376342922449112,9.338181495666504
1554676174329,-0.21794678270816803,-0.07185058295726776,9.420809745788574
1554676174528,-0.20237915217876434,-0.11136841028928757,9.316625595092773
1554676174728,-0.18202148377895355,-0.08143066614866257,9.453142166137695
1554676174928,-0.21674926578998566,-0.10897339135408401,9.283095359802246
1554676175128,-0.18202148377895355,-0.07544311881065369,9.490264892578125
1554676175329,-0.2598596215248108,-0.09819579869508743,9.213640213012695
1554676175528,-0.36763548851013184,-0.22153930366039276,9.970466613769531
1554676175728,-0.24189697206020355,-0.05029540881514549,9.412426948547363
1554676175928,-0.23830443620681763,-0.061072997748851776,9.376501083374023
1554676176128,-0.15807129442691803,-0.10538086295127869,9.272317886352539
1554676176330,-0.20597167313098907,-0.11256591975688934,9.327404022216797
1554676176528,-0.19160155951976776,-0.09819579869508743,9.328600883483887
1554676176728,-0.1448986828327179,-0.10897339135408401,9.41482162475586
1554676176928,-0.22034180164337158,-0.0646655261516571,9.285490989685059
1554676177128,-0.2191442847251892,-0.06945556402206421,9.407636642456055
1554676177329,-0.20357665419578552,-0.06586303561925888,9.357341766357422
1554676177528,-0.24668700993061066,-0.07664062827825546,9.368119239807129
1554676177728,-0.1951940953731537,-0.07903564721345901,9.429191589355469
1554676177928,-0.20836669206619263,-0.09101074188947678,9.328600883483887
1554676178128,0.556842029094696,0.16286133229732513,8.745413780212402
1554676178329,-0.6095324754714966,1.1148816347122192,-1.0885363817214966
1554676178528,-0.31135255098342896,-1.2382251024246216,7.610174655914307
1554676178728,-0.6322851777076721,0.89813232421875,10.675799369812012
1554676178928,0.17124389111995697,-0.49097901582717896,5.463039398193359
1554676179128,0.09340576082468033,-0.7568261623382568,11.33922004699707
1554676179329,-0.6047424077987671,0.8849596977233887,7.834108829498291
1554676179528,-0.3089575171470642,-0.29937744140625,9.86987590789795
1554676179728,-0.09939330816268921,-0.8873547315597534,9.236392974853516
1554676179928,-0.16286133229732513,0.07544311881065369,9.52978229522705
1554676180128,-0.09819579869508743,0.11855346709489822,9.703421592712402
1554676180329,-0.24548950791358948,0.043110352009534836,9.24357795715332
1554676180528,-0.26225462555885315,-0.3041674792766571,9.17531967163086
1554676180728,-0.22273682057857513,-0.32692015171051025,9.772876739501953
1554676180928,-0.20716919004917145,0.0646655261516571,9.075926780700684
1554676181128,-0.1700463891029358,0.06706054508686066,9.261540412902832
1554676181329,-0.22273682057857513,-0.2251318395137787,9.626781463623047
1554676181528,-0.23231689631938934,-0.21315674483776093,9.575287818908691
1554676181728,-0.17124389111995697,-0.06706054508686066,9.01844596862793
1554676181928,-0.20836669206619263,-0.08861572295427322,9.412426948547363
1554676182128,-0.28141480684280396,-0.10897339135408401,9.686656951904297
1554676182329,-0.10777588188648224,-0.12573853135108948,9.441166877746582
1554676182528,-0.21195922791957855,-0.05388794094324112,9.108259201049805
1554676182728,-0.2538720667362213,-0.12573853135108948,9.535770416259766
1554676182924,-0.27303221821784973,-0.08262817561626434,9.613608360290527
1554676183128,-0.17962646484375,-0.03233276307582855,9.293872833251953
1554676183329,-0.2299218773841858,-0.08382568508386612,9.268725395202637
1554676183528,-0.2742297351360321,-0.12334350496530533,9.546547889709473
1554676183728,-0.24548950791358948,-0.13292358815670013,9.4507474899292
1554676183928,-0.2191442847251892,-0.0646655261516571,9.178912162780762
1554676184128,-0.26225462555885315,-0.11855346709489822,9.425599098205566
1554676184329,-0.28261229395866394,-0.10178832709789276,9.4603271484375
1554676184528,-0.2299218773841858,-0.10897339135408401,9.360934257507324
1554676184728,-0.19758911430835724,-0.07185058295726776,9.263935089111328
1554676184928,-0.25267454981803894,-0.10777588188648224,9.456734657287598
1554676185128,-0.24069947004318237,-0.08741821348667145,9.443561553955078
1554676185324,-0.2191442847251892,-0.05388794094324112,9.291478157043457
